,base_id,centre,left,right
0,10:35356774,-0.6935314960519503,-1.0121012538766503,-0.23777226699338214
1,12:112378909,0.34925479209851185,0.2548432453852656,-0.149317093751746
2,12:54955169,1.7403405574997843,1.4323558384411008,1.3205491952348214
3,13:43597706,1.959047164234513,2.0118571987741145,2.0937788712208314
4,15:44081143,1.7646161804270113,0.1601849789121328,2.2464507975011507
5,15:52796861,0.1414614993737473,-0.1600493889638397,-0.44229970584127276
6,15:65059651,-0.80908655787022,-0.7313716304726673,-1.2601978460183711
7,15:82258451,0.9994422030384177,1.296702959707585,-0.059475493038378624
8,16:1586255,-1.596110264869043,-2.0607547086021754,-1.0767942578737215
9,17:43685021,0.6954915718598951,0.5078350736692827,-0.35355001972681455
10,17:43812218,2.2751340039150003,1.73723072277354,0.993269480981708
11,17:43838710,-0.3591286311413726,-0.49104202121810747,-0.22941705500929488
12,17:43950394,-2.1283741379467616,-0.08996085738826692,-1.799166181464103
13,17:44139190,2.91135036800574,2.4513731477133898,0.12961996596732644
14,17:44291820,-0.5310833635866185,0.043914156157690565,0.027970544068928405
15,17:44295052,-1.0776516854613445,0.22005163362471714,-0.11243739641422423
16,17:46983171,-1.5428746536692706,-1.2415084295805514,0.2500571282825793
17,17:47002389,-0.39615190219024343,-0.44957381165431626,0.01184598862958433
18,17:6940433,-1.605616825226475,-1.3022249133672963,-0.04951548014594698
19,18:12991393,0.2694762016470724,-0.09643850150573385,-0.22504875923613987
20,19:37251088,-1.0410918307617498,-0.857115346926459,-0.4622419436899138
21,19:3762698,0.5900517039960116,0.8948096211823489,0.2392829437833699
22,19:44488352,2.2120505885763873,2.2780952976631985,1.8735537127500708
23,19:47781025,-1.353003669180835,-0.5114503916239226,-1.7528319069914764
24,19:49378699,0.3311548795428836,0.5726336304721511,0.3935714861153734
25,19:50497987,1.215790034962843,1.167797011726789,1.2338453139798955
26,19:50507336,2.9532141844911415,2.662337644645496,1.8967472429187076
27,19:54619191,-0.0835892455485645,-0.0020489227106452734,0.9836314288961789
28,19:58274425,0.6533299208589236,0.970963072074375,0.03425684371568559
29,19:9434872,0.3272936788366838,0.3279522607984111,0.49535184597077375
30,22:19930017,-0.6472570846003585,-1.0232737915937409,-1.230205183993347
31,22:42836337,-2.9955435132788306,-3.517859907442253,-3.798312121763033
32,22:50614476,-2.71756161211507,-2.473708769329538,-3.422759352098251
33,2:61378186,2.1139131319273314,2.1422769636957764,0.12459533122536393
34,4:122722368,-0.35820966448108305,0.047360152238058006,-0.5460467164839977
35,4:41965550,1.7505908862608357,0.8634308304531005,1.1789443822612056
36,4:8230456,-0.6745266632951381,-0.9114108476922382,-0.5461584855168762
37,6:73978286,0.01556893197767284,-2.5329335457713054,-0.14301163749568246
38,7:32560554,2.742926336839239,3.511260001249126,2.243470276150201
39,8:66913397,0.6845575614773725,0.4212720330567362,0.27311832212575565
40,8:71570989,-0.13850837311188258,-0.4415300650000893,-0.25239433594362
41,9:123634040,0.23287058010350625,0.6293216471120422,-0.2027656624915246
42,9:131038575,-0.5939101126649398,-0.5832948039975738,-0.25289886536727835
